model,center_accuracy,small_shift_accuracy,large_shift_accuracy,grid_accuracy,robust_drop
mlp_center_cpu,0.8748,0.245,0.1393,0.1362,0.7355
cnn_center_cpu,0.9079,0.294,0.1365,0.13356530612244896,0.7714000000000001
vit_abspos_center_cpu,0.8645,0.3133,0.2076,0.22060816326530613,0.6569
vit_aug_cpu,0.71,0.7225,0.7287,0.7151693877551021,-0.01870000000000005
vit_meanpool_cpu,0.7171,0.7267,0.7292,0.715838775510204,-0.0121
hybrid_vit_cpu,0.8605,0.8638,0.8578,0.8543469387755102,0.0027000000000000357
